{
    "best_model": "Ridge",
    "test_r2": 0.3642,
    "test_mae": 2.6149,
    "test_rmse": 3.5954,
    "test_mape": 15.15,
    "test_accuracy": 84.85,
    "train_r2": 0.3891,
    "models_comparison": [
        {
            "Model": "Linear Regression",
            "CV R2": 0.38563493930199044,
            "CV Std": 0.022341407078805834,
            "Train R2": 0.3891252579997728,
            "Test R2": 0.3640567819726037,
            "Test MAE": 2.615258081789137,
            "Test RMSE": 3.595915644385534,
            "Test MAPE": 15.148459380205765,
            "Test Accuracy": 84.85154061979424
        },
        {
            "Model": "Ridge",
            "CV R2": 0.3856380813875532,
            "CV Std": 0.02232411822767366,
            "Train R2": 0.38912522366804303,
            "Test R2": 0.36407607585759827,
            "Test MAE": 2.615221543210104,
            "Test RMSE": 3.595861095718956,
            "Test MAPE": 15.148413231316733,
            "Test Accuracy": 84.85158676868326
        },
        {
            "Model": "Lasso",
            "CV R2": 0.25355579320931676,
            "CV Std": 0.013220178486092993,
            "Train R2": 0.25444151544612026,
            "Test R2": 0.25675526701402307,
            "Test MAE": 2.8811949625747704,
            "Test RMSE": 3.887462791291489,
            "Test MAPE": 16.811688055155916,
            "Test Accuracy": 83.18831194484409
        },
        {
            "Model": "ElasticNet",
            "CV R2": 0.2694586743230265,
            "CV Std": 0.010711411975550433,
            "Train R2": 0.2702162979704533,
            "Test R2": 0.2700712983609702,
            "Test MAE": 2.840994905094697,
            "Test RMSE": 3.8524813553825137,
            "Test MAPE": 16.600660693602816,
            "Test Accuracy": 83.39933930639718
        }
    ]
}